{"cameraMode":{"drawMode":0,"name":"Shaded","section":"Shading Mode"},"sceneLighting":true,"audioPlay":false,"sceneViewState":{"showFog":true,"showMaterialUpdate":false,"showSkybox":true,"showFlares":true,"showImageEffects":true,"showParticleSystems":true},"in2DMode":false,"pivot":{"x":0.030506834387779237,"y":-0.018392760306596757,"z":1.716617465019226},"rotation":{"x":-0.22370494902133943,"y":9.884217888611602e-7,"z":0.000016764588508522138,"w":-0.9746738076210022},"size":0.9768528342247009,"orthographic":false}