{"cameraMode":{"drawMode":0,"name":"Shaded","section":"Shading Mode"},"sceneLighting":false,"audioPlay":false,"sceneViewState":{"showFog":true,"showMaterialUpdate":false,"showSkybox":false,"showFlares":true,"showImageEffects":true,"showParticleSystems":true},"in2DMode":false,"pivot":{"x":0.0,"y":-0.016894837841391565,"z":-0.01590000092983246},"rotation":{"x":-0.2507903575897217,"y":0.010162612423300743,"z":-0.0026297343429178,"w":-0.9679886698722839},"size":0.333016037940979,"orthographic":false}